<?xml version="1.0" encoding="utf-8"?>
<odoo>
    <data noupdate="1">
        <record id="email_template_edi_purchase_rfq" model="mail.template">
            <field name="name">Purchase: Request For Quotation</field>
            <field name="model_id" ref="purchase.model_purchase_rfq"/>
            <field name="subject">{{ object.company_id.name }} Order (Ref {{ object.name or 'n/a' }})</field>
            <field name="partner_to">{{ object.supplers_ids.ids }}</field>
            <field name="description">Sent manually to vendor to request a quotation</field>
            <field name="body_html" type="html">
                <div style="margin: 0px; padding: 0px;">
                    <p style="margin: 0px; padding: 0px; font-size: 13px;">
                        Dear
                        <t t-out="object.partner_id.name or ''">Brandon Freeman</t>
                        <t t-if="object.partner_id.parent_id">
                            (<t t-out="object.partner_id.parent_id.name or ''">Azure Interior</t>)
                        </t>
                        <br/>
                        <br/>
                        Here is in attachment a request for quotation
                        <span style="font-weight:bold;" t-out="object.name or ''">P00015</span>
                        <t t-if="object.partner_ref">
                            with reference:
                            <t t-out="object.partner_ref or ''">REF_XXX</t>
                        </t>
                        from <t t-out="object.company_id.name or ''">YourCompany</t>.
                        <br/>
                        <br/>
                        If you have any questions, please do not hesitate to contact us.
                        <br/>
                        <br/>
                        Best regards,
                        <t t-if="not is_html_empty(object.user_id.signature)">
                            <br/>
                            <br/>
                            <t t-out="object.user_id.signature or ''">--<br/>Mitchell Admin
                            </t>
                        </t>
                    </p>
                </div>
            </field>
            <field name="report_template_ids" eval="[(4, ref('purchase.action_report_purchasequotation'))]"/>
            <field name="lang">{{ object.partner_id.lang}}</field>
            <field name="auto_delete" eval="True"/>
        </record>

        <record id="email_template_edi_purchase_rfq_done" model="mail.template">
            <field name="name">Purchase: Purchase Order</field>
            <field name="model_id" ref="purchase.model_purchase_rfq"/>
            <field name="subject">{{ object.company_id.name }} Order (Ref {{ object.name or 'n/a' }})</field>
            <field name="partner_to">{{ object.partner_id.id }}</field>
            <field name="description">Sent to vendor with the purchase order in attachment</field>
            <field name="body_html" type="html">
                <div style="margin: 0px; padding: 0px;">
                    <p style="margin: 0px; padding: 0px; font-size: 13px;">
                        Dear
                        <t t-out="object.partner_id.name or ''">Brandon Freeman</t>
                        <t t-if="object.partner_id.parent_id">
                            (<t t-out="object.partner_id.parent_id.name or ''">Azure Interior</t>)
                        </t>
                        <br/>
                        <br/>
                        Here is in attachment a purchase order
                        <span style="font-weight:bold;" t-out="object.name or ''">P00015</span>
                        <t t-if="object.partner_ref">
                            with reference:
                            <t t-out="object.partner_ref or ''">REF_XXX</t>
                        </t>
                        amounting in
                        <span style="font-weight:bold;"
                              t-out="format_amount(object.amount_total, object.currency_id) or ''">$ 10.00
                        </span>
                        from <t t-out="object.company_id.name or ''">YourCompany</t>.
                        <br/>
                        <br/>
                        <t t-if="object.date_planned">
                            The receipt is expected for <span style="font-weight:bold;"
                                                              t-out="format_date(object.date_planned) or ''">
                            05/05/2021</span>.
                            <br/>
                            <br/>
                            Could you please acknowledge the receipt of this order?
                        </t>
                        <t t-if="not is_html_empty(object.user_id.signature)">
                            <br/>
                            <br/>
                            <t t-out="object.user_id.signature or ''">--<br/>Mitchell Admin
                            </t>
                        </t>
                        <br/>
                        <br/>
                    </p>
                </div>
            </field>
            <field name="report_template_ids" eval="[(4, ref('purchase.action_report_purchaseorder'))]"/>
            <field name="lang">{{ object.partner_id.lang }}</field>
            <field name="auto_delete" eval="True"/>
        </record>



    </data>
</odoo>
