<?xml version="1.0" encoding="UTF-8" ?>
<templates xml:space="preserve">
    <t t-name="ProductCatalogPurchaseOrderLine"
       t-inherit="product.ProductCatalogOrderLine"
       t-inherit-mode="primary">
        <xpath expr="//span[hasclass('o_product_catalog_price')]" position="attributes">
            <attribute name="t-if">!this.env.displayUoM</attribute>
        </xpath>
        <xpath expr="//span[hasclass('o_product_catalog_price')]" position="after">
            <span class="o_product_catalog_price" t-if="env.displayUoM">
                Price: <t t-out="price"/>
                / <span t-att-class="{'fw-bold text-primary': props.purchase_uom}">
                    <t t-if="props.purchase_uom" t-esc="props.purchase_uom.display_name"/>
                    <t t-else="" t-esc="props.uom.display_name"/>
                </span>
            </span>
        </xpath>
        <xpath expr="//div[hasclass('o_product_catalog_quantity')]" position="inside">
            <button t-if="props.packaging"
                    class="o_product_catalog_package_quantity btn btn-primary border"
                    t-on-click.stop="addPackagingQty">
                <i class="fa fa-cube"/>
            </button>
        </xpath>
    </t>
</templates>
