id,name,model_id:id,group_id:id,perm_read,perm_write,perm_create,perm_unlink
access_crm_lead_manager,crm.lead.manager,model_crm_lead,sales_team.group_sale_manager,1,1,1,1
access_crm_lead,crm.lead,model_crm_lead,sales_team.group_sale_salesman,1,1,1,0
access_crm_stage,crm.stage,model_crm_stage,base.group_user,1,0,0,0
access_crm_stage_manager,crm.stage,model_crm_stage,sales_team.group_sale_manager,1,1,1,1
access_res_partner_manager,res.partner.crm.manager,base.model_res_partner,sales_team.group_sale_manager,1,0,0,0
access_res_partner_category_manager,res.partner.category.crm.manager,base.model_res_partner_category,sales_team.group_sale_manager,1,0,0,0
access_res_partner,res.partner.crm.user,base.model_res_partner,sales_team.group_sale_salesman,1,1,1,0
access_res_partner_category,res.partner.category.crm.user,base.model_res_partner_category,sales_team.group_sale_salesman,1,1,1,0
access_crm_lost_reason_manager,crm.lost.reason.manager,model_crm_lost_reason,sales_team.group_sale_manager,1,1,1,1
access_crm_lost_reason_salesman,crm.lost.reason.salesman,model_crm_lost_reason,sales_team.group_sale_salesman,1,0,0,0
access_crm_lost_reason_user,crm.lost.reason.user,model_crm_lost_reason,base.group_user,1,0,0,0
access_crm_activity_report_user,crm.activity.report.user,model_crm_activity_report,base.group_user,0,0,0,0
access_crm_activity_report_salesman,crm.activity.report.salesman,model_crm_activity_report,sales_team.group_sale_salesman,1,0,0,0
access_calendar_event_manager,calendar.event.manager,calendar.model_calendar_event,sales_team.group_sale_manager,1,1,1,1
access_calendar_event,calendar.event,calendar.model_calendar_event,sales_team.group_sale_salesman,1,1,1,0
access_calendar_event_type_sale_manager,calendar.event.type.manager,calendar.model_calendar_event_type,sales_team.group_sale_manager,1,1,1,0
access_calendar_event_type_sale_user,calendar.event.type.user,calendar.model_calendar_event_type,base.group_user,1,0,0,0
access_calendar_event_type_sale_salesman,calendar.event.type.salesman,calendar.model_calendar_event_type,sales_team.group_sale_salesman,1,0,0,0
access_mail_activity_type_sale_manager,mail.activity.type.sale.manager,mail.model_mail_activity_type,sales_team.group_sale_manager,1,1,1,1
access_crm_lead_scoring_frequency,access_crm_lead_scoring_frequency,model_crm_lead_scoring_frequency,sales_team.group_sale_salesman,1,0,0,0
access_crm_lead_scoring_frequency_system,access_crm_lead_scoring_frequency_system,model_crm_lead_scoring_frequency,base.group_system,1,0,0,0
access_crm_lead_scoring_frequency_field,access_crm_lead_scoring_frequency_field,model_crm_lead_scoring_frequency_field,sales_team.group_sale_salesman,1,0,0,0
access_crm_lead_scoring_frequency_field_system,access_crm_lead_scoring_frequency_field_system,model_crm_lead_scoring_frequency_field,base.group_system,1,0,0,0
access_crm_lead_lost,access.crm.lead.lost,model_crm_lead_lost,sales_team.group_sale_salesman,1,1,1,0
access_crm_lead2opportunity_partner,access.crm.lead2opportunity.partner,model_crm_lead2opportunity_partner,sales_team.group_sale_salesman,1,1,1,0
access_crm_lead2opportunity_partner_mass,access.crm.lead2opportunity.partner.mass,model_crm_lead2opportunity_partner_mass,sales_team.group_sale_salesman,1,1,1,0
access_crm_merge_opportunity,access.crm.merge.opportunity,model_crm_merge_opportunity,sales_team.group_sale_salesman,1,1,1,0
crm_recurring_plan_access_manager,crm.recurring.plan.access.manager,model_crm_recurring_plan,sales_team.group_sale_manager,1,1,1,1
crm_recurring_plan_access_salesman,crm.recurring.plan.access.salesman,model_crm_recurring_plan,sales_team.group_sale_salesman,1,0,0,0
crm_lead_pls_update_access_system,crm.lead.pls.update.access.system,model_crm_lead_pls_update,base.group_erp_manager,1,1,1,1
access_mail_activity_plan_sale_manager,mail.activity.plan.sale.manager,mail.model_mail_activity_plan,sales_team.group_sale_manager,1,1,1,1
access_mail_activity_plan_template_sale_manager,mail.activity.plan.template.sale.manager,mail.model_mail_activity_plan_template,sales_team.group_sale_manager,1,1,1,1



access_crm_initial_product_list_user,access.crm.initial.product.list.user,model_crm_initial_product_list,base.group_user,1,1,1,1
access_crm_final_product_list_user,access.crm.final.product.list.user,model_crm_final_product_list,base.group_user,1,1,1,1


access_crm_lead_estimation_line,access.crm.lead.estimation.line,model_crm_lead_estimation_line,,1,1,1,1
