<?xml version="1.0" encoding="UTF-8" ?>
<odoo><data noupdate="1">

    <record id="crm_recurring_plan_monthly" model="crm.recurring.plan">
        <field name="name">Monthly</field>
        <field name="number_of_months">1</field>
    </record>

    <record id="crm_recurring_plan_yearly" model="crm.recurring.plan">
        <field name="name">Yearly</field>
        <field name="number_of_months">12</field>
    </record>

    <record id="crm_recurring_plan_over_3_years" model="crm.recurring.plan">
        <field name="name">Over 3 years</field>
        <field name="number_of_months">36</field>
    </record>

    <record id="crm_recurring_plan_over_5_years" model="crm.recurring.plan">
        <field name="name">Over 5 years </field>
        <field name="number_of_months">60</field>
    </record>

</data></odoo>
